"model","AIC"
"m1_full",-47.0356056763356
"m2_parsimonious",-41.4947547423423
"m3_int_exp",-48.3668530786839
