"term","GVIF","Df","GVIF_adj"
"log_area_pop",1.90046929243147,1,1.37857509495547
"staff_fte",7.85353255504558,1,2.80241548579892
"turnover_rate2",1.82836633879429,1,1.35217097247142
"staff_mean_experience2",3.64359685529204,1,1.90882080229969
"branch_size",9.56292347737263,2,1.75852145016432
"urban",3.93075148387771,1,1.98261228783585
